{
  "npm:typescript@2.1.1": {
    "deps": {
      "source-map-support": "npm:source-map-support"
    },
    "peerDeps": {
      "crypto": "npm:jspm-nodelibs-crypto@^0.2.0",
      "net": "npm:jspm-nodelibs-net@^0.2.0",
      "os": "npm:jspm-nodelibs-os@^0.2.0"
    }
  },
  "npm:@angular/common@2.2.1": {
    "deps": {},
    "peerDeps": {
      "@angular/core": "npm:@angular/core@2.2.1"
    }
  },
  "npm:reflect-metadata@0.1.8": {
    "deps": {},
    "peerDeps": {}
  },
  "npm:@angular/core@2.2.1": {
    "deps": {},
    "peerDeps": {
      "rxjs": "npm:rxjs@5.0.0-beta.12",
      "zone.js": "npm:zone.js@^0.6.21"
    }
  },
  "npm:@angular/router@3.2.1": {
    "deps": {},
    "peerDeps": {
      "@angular/core": "npm:@angular/core@2.2.1",
      "@angular/common": "npm:@angular/common@2.2.1",
      "@angular/platform-browser": "npm:@angular/platform-browser@2.2.1",
      "rxjs": "npm:rxjs@5.0.0-beta.12"
    }
  },
  "npm:@angular/platform-browser-dynamic@2.2.1": {
    "deps": {},
    "peerDeps": {
      "@angular/core": "npm:@angular/core@2.2.1",
      "@angular/common": "npm:@angular/common@2.2.1",
      "@angular/compiler": "npm:@angular/compiler@2.2.1",
      "@angular/platform-browser": "npm:@angular/platform-browser@2.2.1"
    }
  },
  "npm:@angular/http@2.2.1": {
    "deps": {},
    "peerDeps": {
      "rxjs": "npm:rxjs@5.0.0-beta.12",
      "@angular/core": "npm:@angular/core@2.2.1",
      "@angular/platform-browser": "npm:@angular/platform-browser@2.2.1"
    }
  },
  "npm:@angular/compiler@2.2.1": {
    "deps": {},
    "peerDeps": {
      "@angular/core": "npm:@angular/core@2.2.1"
    }
  },
  "npm:@angular/platform-browser@2.2.1": {
    "deps": {},
    "peerDeps": {
      "@angular/core": "npm:@angular/core@2.2.1",
      "@angular/common": "npm:@angular/common@2.2.1"
    }
  },
  "npm:core-js@2.4.1": {
    "deps": {},
    "peerDeps": {
      "fs": "npm:jspm-nodelibs-fs@^0.2.0",
      "path": "npm:jspm-nodelibs-path@^0.2.0",
      "process": "npm:jspm-nodelibs-process@^0.2.0"
    }
  },
  "npm:systemjs-hmr@0.1.3": {
    "deps": {
      "ajv": "npm:ajv@^4.8.2"
    },
    "peerDeps": {}
  },
  "npm:zone.js@0.6.26": {
    "deps": {},
    "peerDeps": {
      "crypto": "npm:jspm-nodelibs-crypto@^0.2.0",
      "events": "npm:jspm-nodelibs-events@^0.2.0",
      "fs": "npm:jspm-nodelibs-fs@^0.2.0",
      "process": "npm:jspm-nodelibs-process@^0.2.0",
      "timers": "npm:jspm-nodelibs-timers@^0.2.0"
    }
  },
  "npm:angular-in-memory-web-api@0.1.16": {
    "deps": {},
    "peerDeps": {
      "@angular/core": "npm:@angular/core@^2.0.0",
      "@angular/http": "npm:@angular/http@^2.0.0",
      "reflect-metadata": "npm:reflect-metadata@~0.1.8",
      "rxjs": "npm:rxjs@5.0.0-beta.12",
      "zone.js": "npm:zone.js@^0.6.26"
    }
  },
  "npm:jspm-nodelibs-net@0.2.0": {
    "deps": {},
    "peerDeps": {}
  },
  "npm:jspm-nodelibs-crypto@0.2.0": {
    "deps": {
      "crypto-browserify": "npm:crypto-browserify@^3.11.0"
    },
    "peerDeps": {}
  },
  "npm:jspm-nodelibs-os@0.2.0": {
    "deps": {
      "os-browserify": "npm:os-browserify@^0.2.0"
    },
    "peerDeps": {}
  },
  "npm:jspm-nodelibs-assert@0.2.0": {
    "deps": {},
    "peerDeps": {}
  },
  "npm:jspm-nodelibs-events@0.2.0": {
    "deps": {},
    "peerDeps": {}
  },
  "npm:jspm-nodelibs-constants@0.2.0": {
    "deps": {},
    "peerDeps": {}
  },
  "npm:jspm-nodelibs-util@0.2.1": {
    "deps": {},
    "peerDeps": {
      "process": "npm:jspm-nodelibs-process@^0.2.0"
    }
  },
  "npm:jspm-nodelibs-process@0.2.0": {
    "deps": {},
    "peerDeps": {}
  },
  "npm:jspm-nodelibs-url@0.2.0": {
    "deps": {
      "url-browserify": "npm:url@^0.11.0"
    },
    "peerDeps": {}
  },
  "npm:jspm-nodelibs-string_decoder@0.2.0": {
    "deps": {
      "string_decoder-browserify": "npm:string_decoder@^0.10.31"
    },
    "peerDeps": {}
  },
  "npm:jspm-nodelibs-stream@0.2.0": {
    "deps": {
      "stream-browserify": "npm:stream-browserify@^2.0.1"
    },
    "peerDeps": {}
  },
  "npm:@angular/upgrade@2.2.1": {
    "deps": {},
    "peerDeps": {
      "@angular/core": "npm:@angular/core@2.2.1",
      "@angular/compiler": "npm:@angular/compiler@2.2.1",
      "@angular/platform-browser": "npm:@angular/platform-browser@2.2.1",
      "@angular/platform-browser-dynamic": "npm:@angular/platform-browser-dynamic@2.2.1"
    }
  },
  "npm:@types/core-js@0.9.34": {
    "deps": {},
    "peerDeps": {}
  },
  "npm:@angular/forms@2.2.1": {
    "deps": {},
    "peerDeps": {
      "@angular/core": "npm:@angular/core@2.2.1",
      "@angular/common": "npm:@angular/common@2.2.1"
    }
  },
  "npm:jspm-nodelibs-buffer@0.2.1": {
    "deps": {
      "buffer": "npm:buffer@^4.0.0"
    },
    "peerDeps": {}
  },
  "npm:jspm-nodelibs-fs@0.2.0": {
    "deps": {},
    "peerDeps": {}
  },
  "npm:jspm-nodelibs-child_process@0.2.0": {
    "deps": {},
    "peerDeps": {}
  },
  "npm:@types/node@6.0.49": {
    "deps": {},
    "peerDeps": {}
  },
  "npm:rxjs@5.0.0-beta.12": {
    "deps": {
      "symbol-observable": "npm:symbol-observable@^1.0.1"
    },
    "peerDeps": {}
  },
  "npm:jspm-nodelibs-path@0.2.1": {
    "deps": {},
    "peerDeps": {
      "process": "npm:jspm-nodelibs-process@^0.2.0"
    }
  },
  "npm:jspm-nodelibs-timers@0.2.0": {
    "deps": {
      "timers-browserify": "npm:timers-browserify@^1.4.2"
    },
    "peerDeps": {}
  },
  "npm:source-map-support@0.4.6": {
    "deps": {
      "source-map": "npm:source-map@^0.5.3"
    },
    "peerDeps": {
      "assert": "npm:jspm-nodelibs-assert@^0.2.0",
      "buffer": "npm:jspm-nodelibs-buffer@^0.2.0",
      "child_process": "npm:jspm-nodelibs-child_process@^0.2.0",
      "fs": "npm:jspm-nodelibs-fs@^0.2.0",
      "module": "npm:jspm-nodelibs-module@^0.2.0",
      "path": "npm:jspm-nodelibs-path@^0.2.0",
      "process": "npm:jspm-nodelibs-process@^0.2.0"
    }
  },
  "github:frankwallis/plugin-typescript@5.3.1": {
    "deps": {
      "typescript": "npm:typescript@^2.0.0"
    },
    "peerDeps": {}
  },
  "npm:jspm-nodelibs-vm@0.2.0": {
    "deps": {},
    "peerDeps": {}
  },
  "npm:jspm-nodelibs-module@0.2.0": {
    "deps": {},
    "peerDeps": {}
  },
  "npm:os-browserify@0.2.1": {
    "deps": {},
    "peerDeps": {
      "os": "npm:jspm-nodelibs-os@^0.2.0"
    }
  },
  "npm:source-map@0.5.6": {
    "deps": {},
    "peerDeps": {}
  },
  "npm:stream-browserify@2.0.1": {
    "deps": {
      "inherits": "npm:inherits@~2.0.1",
      "readable-stream": "npm:readable-stream@^2.0.2"
    },
    "peerDeps": {
      "buffer": "npm:jspm-nodelibs-buffer@^0.2.0",
      "events": "npm:jspm-nodelibs-events@^0.2.0",
      "path": "npm:jspm-nodelibs-path@^0.2.0"
    }
  },
  "npm:url@0.11.0": {
    "deps": {
      "punycode": "npm:punycode@1.3.2",
      "querystring": "npm:querystring@0.2.0"
    },
    "peerDeps": {
      "assert": "npm:jspm-nodelibs-assert@^0.2.0"
    }
  },
  "npm:string_decoder@0.10.31": {
    "deps": {},
    "peerDeps": {
      "buffer": "npm:jspm-nodelibs-buffer@^0.2.0"
    }
  },
  "npm:buffer@4.9.1": {
    "deps": {
      "base64-js": "npm:base64-js@^1.0.2",
      "ieee754": "npm:ieee754@^1.1.4",
      "isarray": "npm:isarray@^1.0.0"
    },
    "peerDeps": {
      "assert": "npm:jspm-nodelibs-assert@^0.2.0",
      "buffer": "npm:jspm-nodelibs-buffer@^0.2.0",
      "crypto": "npm:jspm-nodelibs-crypto@^0.2.0",
      "os": "npm:jspm-nodelibs-os@^0.2.0",
      "process": "npm:jspm-nodelibs-process@^0.2.0",
      "util": "npm:jspm-nodelibs-util@^0.2.0"
    }
  },
  "npm:symbol-observable@1.0.4": {
    "deps": {},
    "peerDeps": {}
  },
  "npm:timers-browserify@1.4.2": {
    "deps": {
      "process": "npm:process@0.11"
    },
    "peerDeps": {
      "timers": "npm:jspm-nodelibs-timers@^0.2.0",
      "vm": "npm:jspm-nodelibs-vm@^0.2.0"
    }
  },
  "npm:ajv@4.9.0": {
    "deps": {
      "co": "npm:co@^4.6.0",
      "json-stable-stringify": "npm:json-stable-stringify@^1.0.1"
    },
    "peerDeps": {
      "url": "npm:jspm-nodelibs-url@^0.2.0"
    }
  },
  "npm:crypto-browserify@3.11.0": {
    "deps": {
      "browserify-cipher": "npm:browserify-cipher@^1.0.0",
      "browserify-sign": "npm:browserify-sign@^4.0.0",
      "create-ecdh": "npm:create-ecdh@^4.0.0",
      "create-hash": "npm:create-hash@^1.1.0",
      "create-hmac": "npm:create-hmac@^1.1.0",
      "diffie-hellman": "npm:diffie-hellman@^5.0.0",
      "inherits": "npm:inherits@^2.0.1",
      "pbkdf2": "npm:pbkdf2@^3.0.3",
      "public-encrypt": "npm:public-encrypt@^4.0.0",
      "randombytes": "npm:randombytes@^2.0.0"
    },
    "peerDeps": {
      "buffer": "npm:jspm-nodelibs-buffer@^0.2.0",
      "crypto": "npm:jspm-nodelibs-crypto@^0.2.0",
      "process": "npm:jspm-nodelibs-process@^0.2.0",
      "vm": "npm:jspm-nodelibs-vm@^0.2.0"
    }
  },
  "npm:inherits@2.0.3": {
    "deps": {},
    "peerDeps": {
      "util": "npm:jspm-nodelibs-util@^0.2.0"
    }
  },
  "npm:querystring@0.2.0": {
    "deps": {},
    "peerDeps": {}
  },
  "npm:punycode@1.3.2": {
    "deps": {},
    "peerDeps": {}
  },
  "npm:process@0.11.9": {
    "deps": {},
    "peerDeps": {
      "assert": "npm:jspm-nodelibs-assert@^0.2.0",
      "fs": "npm:jspm-nodelibs-fs@^0.2.0",
      "process": "npm:jspm-nodelibs-process@^0.2.0",
      "vm": "npm:jspm-nodelibs-vm@^0.2.0"
    }
  },
  "npm:json-stable-stringify@1.0.1": {
    "deps": {
      "jsonify": "npm:jsonify@0.0"
    },
    "peerDeps": {}
  },
  "npm:isarray@1.0.0": {
    "deps": {},
    "peerDeps": {}
  },
  "npm:base64-js@1.2.0": {
    "deps": {},
    "peerDeps": {}
  },
  "npm:diffie-hellman@5.0.2": {
    "deps": {
      "bn.js": "npm:bn.js@^4.1.0",
      "miller-rabin": "npm:miller-rabin@^4.0.0",
      "randombytes": "npm:randombytes@^2.0.0"
    },
    "peerDeps": {
      "buffer": "npm:jspm-nodelibs-buffer@^0.2.0",
      "crypto": "npm:jspm-nodelibs-crypto@^0.2.0"
    }
  },
  "npm:browserify-cipher@1.0.0": {
    "deps": {
      "browserify-aes": "npm:browserify-aes@^1.0.4",
      "browserify-des": "npm:browserify-des@^1.0.0",
      "evp_bytestokey": "npm:evp_bytestokey@^1.0.0"
    },
    "peerDeps": {
      "buffer": "npm:jspm-nodelibs-buffer@^0.2.0",
      "crypto": "npm:jspm-nodelibs-crypto@^0.2.0"
    }
  },
  "npm:create-hmac@1.1.4": {
    "deps": {
      "create-hash": "npm:create-hash@^1.1.0",
      "inherits": "npm:inherits@^2.0.1"
    },
    "peerDeps": {
      "buffer": "npm:jspm-nodelibs-buffer@^0.2.0",
      "crypto": "npm:jspm-nodelibs-crypto@^0.2.0",
      "stream": "npm:jspm-nodelibs-stream@^0.2.0"
    }
  },
  "npm:public-encrypt@4.0.0": {
    "deps": {
      "bn.js": "npm:bn.js@^4.1.0",
      "browserify-rsa": "npm:browserify-rsa@^4.0.0",
      "create-hash": "npm:create-hash@^1.1.0",
      "parse-asn1": "npm:parse-asn1@^5.0.0",
      "randombytes": "npm:randombytes@^2.0.1"
    },
    "peerDeps": {
      "buffer": "npm:jspm-nodelibs-buffer@^0.2.0",
      "constants": "npm:jspm-nodelibs-constants@^0.2.0",
      "crypto": "npm:jspm-nodelibs-crypto@^0.2.0",
      "fs": "npm:jspm-nodelibs-fs@^0.2.0"
    }
  },
  "npm:co@4.6.0": {
    "deps": {},
    "peerDeps": {}
  },
  "npm:create-hash@1.1.2": {
    "deps": {
      "cipher-base": "npm:cipher-base@^1.0.1",
      "inherits": "npm:inherits@^2.0.1",
      "ripemd160": "npm:ripemd160@^1.0.0",
      "sha.js": "npm:sha.js@^2.3.6"
    },
    "peerDeps": {
      "buffer": "npm:jspm-nodelibs-buffer@^0.2.0",
      "crypto": "npm:jspm-nodelibs-crypto@^0.2.0",
      "fs": "npm:jspm-nodelibs-fs@^0.2.0"
    }
  },
  "npm:pbkdf2@3.0.9": {
    "deps": {
      "create-hmac": "npm:create-hmac@^1.1.2"
    },
    "peerDeps": {
      "buffer": "npm:jspm-nodelibs-buffer@^0.2.0",
      "crypto": "npm:jspm-nodelibs-crypto@^0.2.0",
      "process": "npm:jspm-nodelibs-process@^0.2.0"
    }
  },
  "npm:ieee754@1.1.8": {
    "deps": {},
    "peerDeps": {
      "buffer": "npm:jspm-nodelibs-buffer@^0.2.0"
    }
  },
  "npm:create-ecdh@4.0.0": {
    "deps": {
      "bn.js": "npm:bn.js@^4.1.0",
      "elliptic": "npm:elliptic@^6.0.0"
    },
    "peerDeps": {
      "buffer": "npm:jspm-nodelibs-buffer@^0.2.0",
      "crypto": "npm:jspm-nodelibs-crypto@^0.2.0"
    }
  },
  "npm:randombytes@2.0.3": {
    "deps": {},
    "peerDeps": {
      "buffer": "npm:jspm-nodelibs-buffer@^0.2.0",
      "crypto": "npm:jspm-nodelibs-crypto@^0.2.0",
      "process": "npm:jspm-nodelibs-process@^0.2.0"
    }
  },
  "npm:browserify-sign@4.0.0": {
    "deps": {
      "bn.js": "npm:bn.js@^4.1.1",
      "browserify-rsa": "npm:browserify-rsa@^4.0.0",
      "create-hash": "npm:create-hash@^1.1.0",
      "create-hmac": "npm:create-hmac@^1.1.2",
      "elliptic": "npm:elliptic@^6.0.0",
      "inherits": "npm:inherits@^2.0.1",
      "parse-asn1": "npm:parse-asn1@^5.0.0"
    },
    "peerDeps": {
      "buffer": "npm:jspm-nodelibs-buffer@^0.2.0",
      "crypto": "npm:jspm-nodelibs-crypto@^0.2.0",
      "stream": "npm:jspm-nodelibs-stream@^0.2.0"
    }
  },
  "npm:readable-stream@2.2.2": {
    "deps": {
      "buffer-shims": "npm:buffer-shims@^1.0.0",
      "core-util-is": "npm:core-util-is@1.0",
      "isarray": "npm:isarray@1.0",
      "inherits": "npm:inherits@~2.0.1",
      "process-nextick-args": "npm:process-nextick-args@~1.0.6",
      "string_decoder": "npm:string_decoder@0.10",
      "util-deprecate": "npm:util-deprecate@~1.0.1"
    },
    "peerDeps": {
      "buffer": "npm:jspm-nodelibs-buffer@^0.2.0",
      "events": "npm:jspm-nodelibs-events@^0.2.0",
      "process": "npm:jspm-nodelibs-process@^0.2.0",
      "util": "npm:jspm-nodelibs-util@^0.2.0"
    }
  },
  "npm:browserify-aes@1.0.6": {
    "deps": {
      "buffer-xor": "npm:buffer-xor@^1.0.2",
      "cipher-base": "npm:cipher-base@^1.0.0",
      "create-hash": "npm:create-hash@^1.1.0",
      "evp_bytestokey": "npm:evp_bytestokey@^1.0.0",
      "inherits": "npm:inherits@^2.0.1"
    },
    "peerDeps": {
      "buffer": "npm:jspm-nodelibs-buffer@^0.2.0",
      "crypto": "npm:jspm-nodelibs-crypto@^0.2.0",
      "fs": "npm:jspm-nodelibs-fs@^0.2.0"
    }
  },
  "npm:bn.js@4.11.6": {
    "deps": {},
    "peerDeps": {
      "assert": "npm:jspm-nodelibs-assert@^0.2.0",
      "buffer": "npm:jspm-nodelibs-buffer@^0.2.0"
    }
  },
  "npm:jsonify@0.0.0": {
    "deps": {},
    "peerDeps": {}
  },
  "npm:evp_bytestokey@1.0.0": {
    "deps": {
      "create-hash": "npm:create-hash@^1.1.1"
    },
    "peerDeps": {
      "buffer": "npm:jspm-nodelibs-buffer@^0.2.0",
      "crypto": "npm:jspm-nodelibs-crypto@^0.2.0"
    }
  },
  "npm:browserify-des@1.0.0": {
    "deps": {
      "cipher-base": "npm:cipher-base@^1.0.1",
      "des.js": "npm:des.js@^1.0.0",
      "inherits": "npm:inherits@^2.0.1"
    },
    "peerDeps": {
      "buffer": "npm:jspm-nodelibs-buffer@^0.2.0",
      "crypto": "npm:jspm-nodelibs-crypto@^0.2.0"
    }
  },
  "npm:miller-rabin@4.0.0": {
    "deps": {
      "bn.js": "npm:bn.js@^4.0.0",
      "brorand": "npm:brorand@^1.0.1"
    },
    "peerDeps": {
      "assert": "npm:jspm-nodelibs-assert@^0.2.0"
    }
  },
  "npm:sha.js@2.4.8": {
    "deps": {
      "inherits": "npm:inherits@^2.0.1"
    },
    "peerDeps": {
      "buffer": "npm:jspm-nodelibs-buffer@^0.2.0",
      "crypto": "npm:jspm-nodelibs-crypto@^0.2.0",
      "process": "npm:jspm-nodelibs-process@^0.2.0"
    }
  },
  "npm:parse-asn1@5.0.0": {
    "deps": {
      "asn1.js": "npm:asn1.js@^4.0.0",
      "browserify-aes": "npm:browserify-aes@^1.0.0",
      "create-hash": "npm:create-hash@^1.1.0",
      "evp_bytestokey": "npm:evp_bytestokey@^1.0.0",
      "pbkdf2": "npm:pbkdf2@^3.0.3"
    },
    "peerDeps": {
      "buffer": "npm:jspm-nodelibs-buffer@^0.2.0",
      "crypto": "npm:jspm-nodelibs-crypto@^0.2.0",
      "fs": "npm:jspm-nodelibs-fs@^0.2.0"
    }
  },
  "npm:cipher-base@1.0.3": {
    "deps": {
      "inherits": "npm:inherits@^2.0.1"
    },
    "peerDeps": {
      "buffer": "npm:jspm-nodelibs-buffer@^0.2.0",
      "stream": "npm:jspm-nodelibs-stream@^0.2.0",
      "string_decoder": "npm:jspm-nodelibs-string_decoder@^0.2.0"
    }
  },
  "npm:ripemd160@1.0.1": {
    "deps": {},
    "peerDeps": {
      "buffer": "npm:jspm-nodelibs-buffer@^0.2.0"
    }
  },
  "npm:browserify-rsa@4.0.1": {
    "deps": {
      "bn.js": "npm:bn.js@^4.1.0",
      "randombytes": "npm:randombytes@^2.0.1"
    },
    "peerDeps": {
      "buffer": "npm:jspm-nodelibs-buffer@^0.2.0",
      "constants": "npm:jspm-nodelibs-constants@^0.2.0",
      "crypto": "npm:jspm-nodelibs-crypto@^0.2.0"
    }
  },
  "npm:elliptic@6.3.2": {
    "deps": {
      "bn.js": "npm:bn.js@^4.4.0",
      "brorand": "npm:brorand@^1.0.1",
      "hash.js": "npm:hash.js@^1.0.0",
      "inherits": "npm:inherits@^2.0.1"
    },
    "peerDeps": {}
  },
  "npm:process-nextick-args@1.0.7": {
    "deps": {},
    "peerDeps": {
      "process": "npm:jspm-nodelibs-process@^0.2.0"
    }
  },
  "npm:buffer-shims@1.0.0": {
    "deps": {},
    "peerDeps": {
      "buffer": "npm:jspm-nodelibs-buffer@^0.2.0"
    }
  },
  "npm:core-util-is@1.0.2": {
    "deps": {},
    "peerDeps": {
      "buffer": "npm:jspm-nodelibs-buffer@^0.2.0"
    }
  },
  "npm:util-deprecate@1.0.2": {
    "deps": {},
    "peerDeps": {
      "util": "npm:jspm-nodelibs-util@^0.2.0"
    }
  },
  "npm:hash.js@1.0.3": {
    "deps": {
      "inherits": "npm:inherits@^2.0.1"
    },
    "peerDeps": {
      "assert": "npm:jspm-nodelibs-assert@^0.2.0"
    }
  },
  "npm:brorand@1.0.6": {
    "deps": {},
    "peerDeps": {
      "assert": "npm:jspm-nodelibs-assert@^0.2.0",
      "crypto": "npm:jspm-nodelibs-crypto@^0.2.0"
    }
  },
  "npm:buffer-xor@1.0.3": {
    "deps": {},
    "peerDeps": {
      "assert": "npm:jspm-nodelibs-assert@^0.2.0",
      "buffer": "npm:jspm-nodelibs-buffer@^0.2.0"
    }
  },
  "npm:des.js@1.0.0": {
    "deps": {
      "inherits": "npm:inherits@^2.0.1",
      "minimalistic-assert": "npm:minimalistic-assert@^1.0.0"
    },
    "peerDeps": {
      "assert": "npm:jspm-nodelibs-assert@^0.2.0",
      "buffer": "npm:jspm-nodelibs-buffer@^0.2.0",
      "crypto": "npm:jspm-nodelibs-crypto@^0.2.0"
    }
  },
  "npm:asn1.js@4.9.0": {
    "deps": {
      "bn.js": "npm:bn.js@^4.0.0",
      "inherits": "npm:inherits@^2.0.1",
      "minimalistic-assert": "npm:minimalistic-assert@^1.0.0"
    },
    "peerDeps": {
      "buffer": "npm:jspm-nodelibs-buffer@^0.2.0",
      "vm": "npm:jspm-nodelibs-vm@^0.2.0"
    }
  },
  "npm:minimalistic-assert@1.0.0": {
    "deps": {},
    "peerDeps": {}
  }
}